{"cameraMode":{"drawMode":0,"name":"Shaded","section":"Shading Mode"},"sceneLighting":true,"audioPlay":false,"sceneViewState":{"showFog":true,"showMaterialUpdate":false,"showSkybox":true,"showFlares":true,"showImageEffects":true,"showParticleSystems":true},"in2DMode":false,"pivot":{"x":7.035888671875,"y":1.80615234375,"z":151.14990234375},"rotation":{"x":-0.7677802443504334,"y":0.2135288119316101,"z":-0.3202323913574219,"w":-0.5122207403182983},"size":3.897695541381836,"orthographic":true}